{
    "40_epochs_lr_scheduler1": {
        "1": {
            "avg_train_loss": 0.4597165280580521,
            "train_accuracy": 82.3125,
            "avg_val_loss": 0.4009973601653026,
            "val_accuracy": 80.5
        },
        "2": {
            "avg_train_loss": 0.24346939951181412,
            "train_accuracy": 92.4375,
            "avg_val_loss": 0.20508770701976922,
            "val_accuracy": 93.75
        },
        "3": {
            "avg_train_loss": 0.15334600925445557,
            "train_accuracy": 95.1875,
            "avg_val_loss": 0.2530549912211987,
            "val_accuracy": 89.0
        },
        "4": {
            "avg_train_loss": 0.14012408390641212,
            "train_accuracy": 94.25,
            "avg_val_loss": 0.34339110338344025,
            "val_accuracy": 88.0
        },
        "5": {
            "avg_train_loss": 0.1333490265160799,
            "train_accuracy": 95.3125,
            "avg_val_loss": 0.2991074683287969,
            "val_accuracy": 88.25
        },
        "6": {
            "avg_train_loss": 0.10318531967699528,
            "train_accuracy": 96.375,
            "avg_val_loss": 0.13498426171449515,
            "val_accuracy": 95.25
        },
        "7": {
            "avg_train_loss": 0.0915866794064641,
            "train_accuracy": 96.8125,
            "avg_val_loss": 0.16217636603575486,
            "val_accuracy": 94.75
        },
        "8": {
            "avg_train_loss": 0.08388673052191735,
            "train_accuracy": 96.875,
            "avg_val_loss": 0.5257467738925837,
            "val_accuracy": 81.75
        },
        "9": {
            "avg_train_loss": 0.055714405272156,
            "train_accuracy": 98.0625,
            "avg_val_loss": 0.16435525458879197,
            "val_accuracy": 94.25
        },
        "10": {
            "avg_train_loss": 0.07368794191628694,
            "train_accuracy": 97.25,
            "avg_val_loss": 0.3885381489705581,
            "val_accuracy": 87.25
        },
        "11": {
            "avg_train_loss": 0.11482501476071776,
            "train_accuracy": 95.9375,
            "avg_val_loss": 0.23242032574489713,
            "val_accuracy": 91.25
        },
        "12": {
            "avg_train_loss": 0.06730956880375744,
            "train_accuracy": 97.625,
            "avg_val_loss": 0.19123471410085374,
            "val_accuracy": 93.5
        },
        "13": {
            "avg_train_loss": 0.07701934389770031,
            "train_accuracy": 97.625,
            "avg_val_loss": 0.19144322508229658,
            "val_accuracy": 93.0
        },
        "14": {
            "avg_train_loss": 0.058544518575072285,
            "train_accuracy": 98.125,
            "avg_val_loss": 0.37082587028495395,
            "val_accuracy": 87.75
        },
        "15": {
            "avg_train_loss": 0.056488414946943524,
            "train_accuracy": 97.875,
            "avg_val_loss": 0.16261650786663479,
            "val_accuracy": 95.5
        },
        "16": {
            "avg_train_loss": 0.04127765123732388,
            "train_accuracy": 98.4375,
            "avg_val_loss": 0.33937345427246046,
            "val_accuracy": 89.75
        },
        "17": {
            "avg_train_loss": 0.04770173466764391,
            "train_accuracy": 98.375,
            "avg_val_loss": 2.2518388567100023,
            "val_accuracy": 55.75
        },
        "18": {
            "avg_train_loss": 0.05602737624198198,
            "train_accuracy": 97.75,
            "avg_val_loss": 0.21046157116786793,
            "val_accuracy": 94.75
        },
        "19": {
            "avg_train_loss": 0.04771281654946506,
            "train_accuracy": 98.25,
            "avg_val_loss": 0.2917251605540514,
            "val_accuracy": 90.75
        },
        "20": {
            "avg_train_loss": 0.044004377527162436,
            "train_accuracy": 98.1875,
            "avg_val_loss": 0.6879818030015136,
            "val_accuracy": 81.5
        },
        "21": {
            "avg_train_loss": 0.03695121224038303,
            "train_accuracy": 98.875,
            "avg_val_loss": 0.18418925169568795,
            "val_accuracy": 95.0
        },
        "22": {
            "avg_train_loss": 0.049381382442079486,
            "train_accuracy": 98.4375,
            "avg_val_loss": 0.25547151305139637,
            "val_accuracy": 92.25
        },
        "23": {
            "avg_train_loss": 0.04318408310879022,
            "train_accuracy": 98.5625,
            "avg_val_loss": 0.24311456062759346,
            "val_accuracy": 92.25
        },
        "24": {
            "avg_train_loss": 0.05317502788733691,
            "train_accuracy": 98.1875,
            "avg_val_loss": 0.1349534265195521,
            "val_accuracy": 96.0
        },
        "25": {
            "avg_train_loss": 0.030718037402257325,
            "train_accuracy": 99.0625,
            "avg_val_loss": 0.29903689840844333,
            "val_accuracy": 91.25
        },
        "26": {
            "avg_train_loss": 0.03290297956671566,
            "train_accuracy": 99.125,
            "avg_val_loss": 0.16033304910748625,
            "val_accuracy": 95.25
        },
        "27": {
            "avg_train_loss": 0.029847011750098316,
            "train_accuracy": 99.0,
            "avg_val_loss": 0.18461518125751844,
            "val_accuracy": 94.0
        },
        "28": {
            "avg_train_loss": 0.03862834023777396,
            "train_accuracy": 98.625,
            "avg_val_loss": 0.33409547976827103,
            "val_accuracy": 91.0
        },
        "29": {
            "avg_train_loss": 0.028588359649293123,
            "train_accuracy": 99.125,
            "avg_val_loss": 0.2950723866502253,
            "val_accuracy": 91.25
        },
        "30": {
            "avg_train_loss": 0.028612671894952656,
            "train_accuracy": 99.0,
            "avg_val_loss": 0.20343182938030133,
            "val_accuracy": 93.0
        },
        "31": {
            "avg_train_loss": 0.03413690911140293,
            "train_accuracy": 98.875,
            "avg_val_loss": 0.15701746369282213,
            "val_accuracy": 94.75
        },
        "32": {
            "avg_train_loss": 0.02693094570422545,
            "train_accuracy": 98.9375,
            "avg_val_loss": 0.18439459807884234,
            "val_accuracy": 94.75
        },
        "33": {
            "avg_train_loss": 0.04106903977226466,
            "train_accuracy": 98.3125,
            "avg_val_loss": 0.1765594043625662,
            "val_accuracy": 94.25
        },
        "34": {
            "avg_train_loss": 0.023642207342199982,
            "train_accuracy": 99.25,
            "avg_val_loss": 0.19000296301853198,
            "val_accuracy": 94.5
        },
        "35": {
            "avg_train_loss": 0.019950912869535386,
            "train_accuracy": 99.25,
            "avg_val_loss": 1.137869354659275,
            "val_accuracy": 70.0
        },
        "36": {
            "avg_train_loss": 0.012027470846660435,
            "train_accuracy": 99.6875,
            "avg_val_loss": 0.1852276653136449,
            "val_accuracy": 95.5
        },
        "37": {
            "avg_train_loss": 0.015591576360166073,
            "train_accuracy": 99.3125,
            "avg_val_loss": 0.19184708742138284,
            "val_accuracy": 94.25
        },
        "38": {
            "avg_train_loss": 0.03540950294467621,
            "train_accuracy": 98.8125,
            "avg_val_loss": 0.17073594169834486,
            "val_accuracy": 94.75
        },
        "39": {
            "avg_train_loss": 0.02751546769402921,
            "train_accuracy": 98.9375,
            "avg_val_loss": 0.3565306752660455,
            "val_accuracy": 92.0
        },
        "40": {
            "avg_train_loss": 0.04265123499091714,
            "train_accuracy": 98.375,
            "avg_val_loss": 0.20657989769600904,
            "val_accuracy": 94.25
        },